﻿<?xml version="1.0" encoding="utf-8"?>
<!DOCTYPE GUI SYSTEM "avimuxguiconfig.dtd">
<gui>
<file_information>
<window_size>
<width>800</width>
<height>600</height>
</window_size>
<font>
<quality>0</quality>
</font>
</file_information>
<settings_window>
<window_position>
<left>10</left>
<top>164</top>
</window_position>
<window_size>
<width>522</width>
<maximized>0</maximized>
<height>620</height>
</window_size>
<font>
<quality>0</quality>
</font>
</settings_window>
<chapter_editor>
<tree_default_title_languages>eng</tree_default_title_languages>
<default_save_extension>mkc</default_save_extension>
<window_size>
<width>800</width>
<height>600</height>
</window_size>
<font>
<quality>0</quality>
</font>
</chapter_editor>
<ebml_tree>
<window_size>
<width>800</width>
<height>600</height>
</window_size>
<font>
<quality>0</quality>
</font>
</ebml_tree>
<output>
<default_file_name_source>3</default_file_name_source>
</output>
<riff_tree>
<window_size>
<width>800</width>
<height>600</height>
</window_size>
<font>
<quality>0</quality>
</font>
</riff_tree>
<main_window>
<source_files>
<lowlight>1</lowlight>
<highlight>1</highlight>
</source_files>
<window_position>
<left>7</left>
<top>4</top>
</window_position>
<window_size>
<width>1000</width>
<maximized>0</maximized>
<height>700</height>
</window_size>
<font>
<quality>0</quality>
</font>
<streams>
<highlight>
<default>1</default>
<no_avi_output>1</no_avi_output>
</highlight>
</streams>
</main_window>
<general>
<finished_muxing_dialog>1</finished_muxing_dialog>
<overwritedlg>1</overwritedlg>
</general>
</gui>
