<?xml version="1.0" encoding="UTF-8"?>
<!-- Produced by Beyond Compare 4 from Scooter Software -->
<BCSessions Version="1" MinVersion="1">
	<TSessionFolder>
		<Items>
			<TSessionFolder>
				<Items>
					<TTextMergeSession Value="CYchtCardComm.cpp">
						<LastModified Value="2018-01-11 18:09:32"/>
						<Specs>
							<Left Value="E:\code\Std\ClouSoft\app\CardComm\CYchtCardComm.cpp"/>
							<Right Value="E:\code\Std\ClouSoft\app\CardComm\CYchtCardComm.cpp.r3856"/>
							<Center Value="E:\code\Std\ClouSoft\app\CardComm\CYchtCardComm.cpp.r3836"/>
							<Output Value="E:\code\Std\ClouSoft\app\CardComm\CYchtCardComm.cpp"/>
						</Specs>
					</TTextMergeSession>
					<TTextMergeSession Value="CYchtCardComm.cpp">
						<LastModified Value="2018-01-11 10:52:37"/>
						<Specs>
							<Left Value="E:\code\Std\ClouSoft\app\CardComm\CYchtCardComm.cpp"/>
							<Right Value="E:\code\Std\ClouSoft\app\CardComm\CYchtCardComm.cpp.r3835"/>
							<Center Value="E:\code\Std\ClouSoft\app\CardComm\CYchtCardComm.cpp.r3822"/>
							<Output Value="E:\code\Std\ClouSoft\app\CardComm\CYchtCardComm.cpp"/>
						</Specs>
					</TTextMergeSession>
					<TTextMergeSession Value="CYchtCardComm.cpp">
						<LastModified Value="2018-01-10 15:09:42"/>
						<Specs>
							<Left Value="E:\code\Std\ClouSoft\app\CardComm\CYchtCardComm.cpp"/>
							<Right Value="E:\code\Std\ClouSoft\app\CardComm\CYchtCardComm.cpp.r3817"/>
							<Center Value="E:\code\Std\ClouSoft\app\CardComm\CYchtCardComm.cpp.r3809"/>
							<Output Value="E:\code\Std\ClouSoft\app\CardComm\CYchtCardComm.cpp"/>
						</Specs>
					</TTextMergeSession>
					<TDirCompareSession Value="110402120001 &lt;--> 110402120002">
						<LastModified Value="2018-01-09 18:31:36"/>
						<Specs>
							<Left Value="C:\Users\liming01\Desktop\马上处理\110402120001"/>
							<Right Value="C:\Users\liming01\Desktop\马上处理\110402120002"/>
						</Specs>
					</TDirCompareSession>
					<TDirCompareSession Value="clou.tgz">
						<LastModified Value="2018-01-09 16:35:14"/>
						<Specs>
							<Left Value="C:\Users\liming01\Desktop\马上处理\110402120001\app\clou.tgz"/>
							<Right Value="C:\Users\liming01\Desktop\马上处理\110402120002\app\clou.tgz"/>
						</Specs>
					</TDirCompareSession>
					<TTextCompareSession Value="2017-12-27.txt &lt;--> 刷卡充电报文异常反馈-科陆.txt">
						<LastModified Value="2018-01-09 15:49:30"/>
						<Specs>
							<Left Value="C:\Users\liming01\Desktop\2017-12-27.txt"/>
							<Right Value="C:\Users\liming01\Desktop\刷卡充电报文异常反馈-科陆.txt"/>
						</Specs>
					</TTextCompareSession>
				</Items>
			</TSessionFolder>
		</Items>
	</TSessionFolder>
</BCSessions>
