<?xml version="1.0" encoding="UTF-8"?>
<!-- Produced by Beyond Compare 4 from Scooter Software -->
<BCState Version="1" MinVersion="1">
	<TBcState>
		<FirstStartup Value="False"/>
		<FormPositions>
			<TViewFrame Value="277;76;1075;623;3"/>
		</FormPositions>
	</TBcState>
	<TDirCompareState>
		<LeftMRUSpecs>
			<_0 Value="C:\Users\liming01\Desktop\马上处理\110402120001\app\clou.tgz"/>
		</LeftMRUSpecs>
		<LogHeight Value="0"/>
		<RightMRUSpecs>
			<_0 Value="C:\Users\liming01\Desktop\马上处理\110402120002\app\clou.tgz"/>
		</RightMRUSpecs>
		<ShowToolbar Value="False"/>
	</TDirCompareState>
	<THexCompareState>
		<LeftMRUSpecs>
			<_0 Value="C:\Users\liming01\Desktop\马上处理\110402120001\data\para\bank1.cfg"/>
		</LeftMRUSpecs>
		<MRUFonts>
			<_0 Value="Consolas;10"/>
		</MRUFonts>
		<RightMRUSpecs>
			<_0 Value="C:\Users\liming01\Desktop\马上处理\110402120002\data\para\bank1.cfg"/>
		</RightMRUSpecs>
	</THexCompareState>
	<THomeState>
		<SessionType Value="TTextMergeSession"/>
	</THomeState>
	<TTextCompareState>
		<LeftMRUSpecs>
			<_0 Value="C:\Users\liming01\AppData\Local\Temp\MT.cpp-rev3722.svn000.tmp.cpp"/>
			<_1 Value="C:\Users\liming01\AppData\Local\Temp\ProPara.cpp-revBASE.svn001.tmp.cpp"/>
			<_2 Value="C:\Users\liming01\AppData\Local\Temp\LjProto.cpp-revBASE.svn000.tmp.cpp"/>
			<_3 Value="C:\Users\liming01\AppData\Local\Temp\ProPara.cpp-revBASE.svn000.tmp.cpp"/>
			<_4 Value="C:\Users\liming01\AppData\Local\Temp\Account.cpp-revBASE.svn001.tmp.cpp"/>
			<_5 Value="C:\Users\liming01\AppData\Local\Temp\Account.h-revBASE.svn001.tmp.h"/>
			<_6 Value="C:\Users\liming01\AppData\Local\Temp\CYchtCardComm.cpp-revBASE.svn001.tmp.cpp"/>
			<_7 Value="C:\Users\liming01\AppData\Local\Temp\CYchtCardComm.cpp-rev3843.svn001.tmp.cpp"/>
			<_8 Value="C:\Users\liming01\AppData\Local\Temp\CYchtCardComm.cpp-rev3841.svn001.tmp.cpp"/>
		</LeftMRUSpecs>
		<MRUFonts>
			<_0 Value="Consolas;10"/>
		</MRUFonts>
		<RightMRUSpecs>
			<_0 Value="C:\Users\liming01\AppData\Local\Temp\MT.cpp-rev3723.svn000.tmp.cpp"/>
			<_1 Value="E:\code\Std\ClouSoft\app\Proto\ProPara.cpp"/>
			<_2 Value="E:\code\Std\ClouSoft\app\Proto\LjProto.cpp"/>
			<_3 Value="E:\code\Std\ClouSoft\app\DataProc\Account.cpp"/>
			<_4 Value="E:\code\Std\ClouSoft\app\DataProc\Account.h"/>
			<_5 Value="E:\code\Std\ClouSoft\app\CardComm\CYchtCardComm.cpp"/>
			<_6 Value="C:\Users\liming01\AppData\Local\Temp\CYchtCardComm.cpp-rev3844.svn001.tmp.cpp"/>
			<_7 Value="C:\Users\liming01\AppData\Local\Temp\CYchtCardComm.cpp-rev3842.svn000.tmp.cpp"/>
			<_8 Value="C:\Users\liming01\AppData\Local\Temp\CYchtCardComm.cpp-rev3841.svn000.tmp.cpp"/>
		</RightMRUSpecs>
	</TTextCompareState>
	<TTextMergeState>
		<CenterMRUSpecs>
			<_0 Value="E:\code\Std\ClouSoft\app\CardComm\CYchtCardComm.cpp.r3836"/>
			<_1 Value="E:\code\Std\ClouSoft\app\CardComm\CYchtCardComm.cpp.r3822"/>
			<_2 Value="E:\code\Std\ClouSoft\app\CardComm\CYchtCardComm.cpp.r3809"/>
		</CenterMRUSpecs>
		<LeftMRUSpecs>
			<_0 Value="E:\code\Std\ClouSoft\app\CardComm\CYchtCardComm.cpp"/>
		</LeftMRUSpecs>
		<MRUFonts>
			<_0 Value="Consolas;10"/>
		</MRUFonts>
		<RightMRUSpecs>
			<_0 Value="E:\code\Std\ClouSoft\app\CardComm\CYchtCardComm.cpp.r3856"/>
			<_1 Value="E:\code\Std\ClouSoft\app\CardComm\CYchtCardComm.cpp.r3835"/>
			<_2 Value="E:\code\Std\ClouSoft\app\CardComm\CYchtCardComm.cpp.r3817"/>
		</RightMRUSpecs>
	</TTextMergeState>
</BCState>
