﻿<?xml version="1.0" encoding="utf-8"?>
<!DOCTYPE GUI SYSTEM "avimuxguiconfig.dtd">
<gui>
<file_information>
<font>
<quality>5</quality>
</font>
</file_information>
<settings_window>
<font>
<quality>5</quality>
</font>
</settings_window>
<chapter_editor>
<font>
<quality>5</quality>
</font>
</chapter_editor>
<ebml_tree>
<tree_font_size>11</tree_font_size>
<font>
<quality>5</quality>
</font>
</ebml_tree>
<riff_tree>
<font>
<quality>5</quality>
</font>
</riff_tree>
<main_window>
<font>
<quality>5</quality>
</font>
</main_window>
</gui>
